ああああ,このクイズの回答は１です。
Quiz 2,Anwer 2
Quiz 3,Anwer 3
Quiz 4,Anwer 4
Quiz 5,Anwer 5
Quiz 6,Anwer 6
Quiz 7,Anwer 7
Quiz 8,Anwer 8
Quiz 9,Anwer 9
Quiz 10,Anwer 10
Quiz 11,Anwer 11
Quiz 12,Anwer 12
Quiz 13,Anwer 13
Quiz 14,Anwer 14
Quiz 15,Anwer 15
Quiz 16,Anwer 16
Quiz 17,Anwer 17
Quiz 18,Anwer 18
Quiz 19,Anwer 19
Quiz 20,Anwer 20
Quiz 21,Anwer 21
Quiz 22,Anwer 22
Quiz 23,Anwer 23
Quiz 24,Anwer 24
Quiz 25,Anwer 25
Quiz 26,Anwer 26
Quiz 27,Anwer 27
Quiz 28,Anwer 28
Quiz 29,Anwer 29
Quiz 30,Anwer 30
Quiz 31,Anwer 31
Quiz 32,Anwer 32
Quiz 33,Anwer 33
Quiz 34,Anwer 34
Quiz 35,Anwer 35
Quiz 36,Anwer 36
Quiz 37,Anwer 37
Quiz 38,Anwer 38
Quiz 39,Anwer 39
Quiz 40,Anwer 40
Quiz 41,Anwer 41
Quiz 42,Anwer 42
Quiz 43,Anwer 43
Quiz 44,Anwer 44
Quiz 45,Anwer 45
Quiz 46,Anwer 46
Quiz 47,Anwer 47
Quiz 48,Anwer 48
Quiz 49,Anwer 49
Quiz 50,Anwer 50
Quiz 51,Anwer 51
Quiz 52,Anwer 52
Quiz 53,Anwer 53
Quiz 54,Anwer 54
Quiz 55,Anwer 55
Quiz 56,Anwer 56
Quiz 57,Anwer 57
Quiz 58,Anwer 58
Quiz 59,Anwer 59
Quiz 60,Anwer 60
Quiz 61,Anwer 61
Quiz 62,Anwer 62
Quiz 63,Anwer 63
Quiz 64,Anwer 64
Quiz 65,Anwer 65
Quiz 66,Anwer 66
Quiz 67,Anwer 67
Quiz 68,Anwer 68
Quiz 69,Anwer 69
Quiz 70,Anwer 70
Quiz 71,Anwer 71
Quiz 72,Anwer 72
Quiz 73,Anwer 73
Quiz 74,Anwer 74
Quiz 75,Anwer 75
